{
    "rmse": 10.253538217128877,
    "mae": 8.030241972615755,
    "r2": 0.6060738368549773
}